Title,Budget,Rating,title,budget,genres,original_language,original_title,popularity,production_companies,production_countries,release_date,revenue,runtime,spoken_languages,status,vote_average,vote_count
,,,Blondie,0.0,"[{'id': 35, 'name': 'Comedy'}]",en,Blondie,2.889,"[{'id': 5, 'logo_path': '/71BqEFAF4V3qjjMPCpLuyJFB9A.png', 'name': 'Columbia Pictures', 'origin_country': 'US'}]","[{'iso_3166_1': 'US', 'name': 'United States of America'}]",1938-11-30,0.0,70.0,"[{'english_name': 'English', 'iso_639_1': 'en', 'name': 'English'}]",Released,7.214,7.0
,,,"Peter Voss, Thief of Millions",0.0,"[{'id': 12, 'name': 'Adventure'}]",de,Der Mann ohne Namen,1.165,[],"[{'iso_3166_1': 'DE', 'name': 'Germany'}]",1921-01-01,0.0,420.0,[],Released,0.0,0.0
,,,Love at Twenty,0.0,"[{'id': 18, 'name': 'Drama'}, {'id': 10749, 'name': 'Romance'}]",fr,L'Amour à vingt ans,5.278,"[{'id': 38936, 'logo_path': '/ypvTqUeQOxORhFEFlIaSPvPYD5J.png', 'name': 'Ulysse Productions', 'origin_country': ''}, {'id': 67, 'logo_path': '/1gkCUTbckMYjGam52H7qRyfuXS1.png', 'name': 'Unitec Films', 'origin_country': 'NZ'}, {'id': 65977, 'logo_path': None, 'name': 'Cinesecolo', 'origin_country': 'IT'}, {'id': 882, 'logo_path': '/iDw9Xxok1d9WAM2zFicI8p3khTH.png', 'name': 'TOHO', 'origin_country': 'JP'}, {'id': 1080, 'logo_path': '/6bZ0BiLDzCZSqVCjiSqweWwp9Ew.png', 'name': 'Beta Film', 'origin_country': 'DE'}, {'id': 12838, 'logo_path': None, 'name': 'Film Polski', 'origin_country': 'PL'}, {'id': 96743, 'logo_path': None, 'name': 'Zespół Filmowy ""Kamera""', 'origin_country': ''}]","[{'iso_3166_1': 'DE', 'name': 'Germany'}, {'iso_3166_1': 'FR', 'name': 'France'}, {'iso_3166_1': 'IT', 'name': 'Italy'}, {'iso_3166_1': 'JP', 'name': 'Japan'}, {'iso_3166_1': 'PL', 'name': 'Poland'}]",1962-06-22,0.0,110.0,"[{'english_name': 'Italian', 'iso_639_1': 'it', 'name': 'Italiano'}, {'english_name': 'Japanese', 'iso_639_1': 'ja', 'name': '日本語'}, {'english_name': 'Polish', 'iso_639_1': 'pl', 'name': 'Polski'}, {'english_name': 'French', 'iso_639_1': 'fr', 'name': 'Français'}, {'english_name': 'German', 'iso_639_1': 'de', 'name': 'Deutsch'}]",Released,6.7,41.0
,,,New World Disorder 9: Never Enough,0.0,[],en,New World Disorder 9: Never Enough,1.104,[],[],2008-12-08,0.0,69.0,"[{'english_name': 'English', 'iso_639_1': 'en', 'name': 'English'}]",Released,6.0,3.0
,,,Sesame Street: Elmo Loves You!,0.0,"[{'id': 10751, 'name': 'Family'}]",en,Sesame Street: Elmo Loves You!,0.962,[],[],2010-01-05,0.0,46.0,[],Released,0.0,0.0
,,,Ariel,0.0,"[{'id': 18, 'name': 'Drama'}, {'id': 35, 'name': 'Comedy'}, {'id': 80, 'name': 'Crime'}]",fi,Ariel,7.882,"[{'id': 2303, 'logo_path': None, 'name': 'Villealfa Filmproductions', 'origin_country': 'FI'}]","[{'iso_3166_1': 'FI', 'name': 'Finland'}]",1988-10-21,0.0,73.0,"[{'english_name': 'Finnish', 'iso_639_1': 'fi', 'name': 'suomi'}]",Released,7.046,248.0
,,,Shadows in Paradise,0.0,"[{'id': 18, 'name': 'Drama'}, {'id': 35, 'name': 'Comedy'}, {'id': 10749, 'name': 'Romance'}]",fi,Varjoja paratiisissa,6.192,"[{'id': 2303, 'logo_path': None, 'name': 'Villealfa Filmproductions', 'origin_country': 'FI'}]","[{'iso_3166_1': 'FI', 'name': 'Finland'}]",1986-10-17,0.0,76.0,"[{'english_name': 'English', 'iso_639_1': 'en', 'name': 'English'}]",Released,7.174,270.0
,,,Four Rooms,4000000.0,"[{'id': 80, 'name': 'Crime'}, {'id': 35, 'name': 'Comedy'}]",en,Four Rooms,18.01,"[{'id': 14, 'logo_path': '/m6AHu84oZQxvq7n1rsvMNJIAsMu.png', 'name': 'Miramax', 'origin_country': 'US'}, {'id': 59, 'logo_path': '/yH7OMeSxhfP0AVM6iT0rsF3F4ZC.png', 'name': 'A Band Apart', 'origin_country': 'US'}]","[{'iso_3166_1': 'US', 'name': 'United States of America'}]",1995-12-09,4257354.0,98.0,"[{'english_name': 'English', 'iso_639_1': 'en', 'name': 'English'}]",Released,5.759,2358.0
,,,Judgment Night,21000000.0,"[{'id': 28, 'name': 'Action'}, {'id': 80, 'name': 'Crime'}, {'id': 53, 'name': 'Thriller'}]",en,Judgment Night,9.62,"[{'id': 1644, 'logo_path': None, 'name': 'Largo Entertainment', 'origin_country': 'US'}, {'id': 182, 'logo_path': None, 'name': 'JVC', 'origin_country': 'JP'}]","[{'iso_3166_1': 'US', 'name': 'United States of America'}]",1993-10-15,12136938.0,109.0,"[{'english_name': 'English', 'iso_639_1': 'en', 'name': 'English'}]",Released,6.6,284.0
,,,Life in Loops (A Megacities RMX),42000.0,"[{'id': 99, 'name': 'Documentary'}]",en,Life in Loops (A Megacities RMX),3.064,"[{'id': 19123, 'logo_path': None, 'name': 'inLoops', 'origin_country': ''}]","[{'iso_3166_1': 'AT', 'name': 'Austria'}]",2006-01-01,0.0,80.0,"[{'english_name': 'English', 'iso_639_1': 'en', 'name': 'English'}, {'english_name': 'Hindi', 'iso_639_1': 'hi', 'name': 'हिन्दी'}, {'english_name': 'Japanese', 'iso_639_1': 'ja', 'name': '日本語'}, {'english_name': 'Russian', 'iso_639_1': 'ru', 'name': 'Pусский'}, {'english_name': 'Spanish', 'iso_639_1': 'es', 'name': 'Español'}]",Released,7.708,24.0
,,,Sunday in August,0.0,"[{'id': 18, 'name': 'Drama'}]",de,Sonntag im August,2.671,[],"[{'iso_3166_1': 'DE', 'name': 'Germany'}]",2004-09-02,0.0,15.0,"[{'english_name': 'German', 'iso_639_1': 'de', 'name': 'Deutsch'}]",Released,7.738,21.0
,,,Star Wars,11000000.0,"[{'id': 12, 'name': 'Adventure'}, {'id': 28, 'name': 'Action'}, {'id': 878, 'name': 'Science Fiction'}]",en,Star Wars,87.598,"[{'id': 1, 'logo_path': '/o86DbpburjxrqAzEDhXZcyE8pDb.png', 'name': 'Lucasfilm Ltd.', 'origin_country': 'US'}, {'id': 25, 'logo_path': '/qZCc1lty5FzX30aOCVRBLzaVmcp.png', 'name': '20th Century Fox', 'origin_country': 'US'}]","[{'iso_3166_1': 'US', 'name': 'United States of America'}]",1977-05-25,775398007.0,121.0,"[{'english_name': 'English', 'iso_639_1': 'en', 'name': 'English'}]",Released,8.208,18586.0
,,,Finding Nemo,94000000.0,"[{'id': 16, 'name': 'Animation'}, {'id': 10751, 'name': 'Family'}]",en,Finding Nemo,67.886,"[{'id': 3, 'logo_path': '/1TjvGVDMYsj6JBxOAkUHpPEwLf7.png', 'name': 'Pixar', 'origin_country': 'US'}]","[{'iso_3166_1': 'US', 'name': 'United States of America'}]",2003-05-30,940335536.0,100.0,"[{'english_name': 'English', 'iso_639_1': 'en', 'name': 'English'}]",Released,7.823,17628.0
,,,Forrest Gump,55000000.0,"[{'id': 35, 'name': 'Comedy'}, {'id': 18, 'name': 'Drama'}, {'id': 10749, 'name': 'Romance'}]",en,Forrest Gump,50.848,"[{'id': 4, 'logo_path': '/gz66EfNoYPqHTYI4q9UEN4CbHRc.png', 'name': 'Paramount', 'origin_country': 'US'}, {'id': 21920, 'logo_path': None, 'name': 'The Steve Tisch Company', 'origin_country': ''}, {'id': 412, 'logo_path': None, 'name': 'Wendy Finerman Productions', 'origin_country': ''}]","[{'iso_3166_1': 'US', 'name': 'United States of America'}]",1994-06-23,677387716.0,142.0,"[{'english_name': 'English', 'iso_639_1': 'en', 'name': 'English'}]",Released,8.481,24596.0
,,,American Beauty,15000000.0,"[{'id': 18, 'name': 'Drama'}]",en,American Beauty,27.459,"[{'id': 2721, 'logo_path': None, 'name': 'Jinks/Cohen Company', 'origin_country': ''}, {'id': 7, 'logo_path': '/vru2SssLX3FPhnKZGtYw00pVIS9.png', 'name': 'DreamWorks Pictures', 'origin_country': 'US'}]","[{'iso_3166_1': 'US', 'name': 'United States of America'}]",1999-09-15,356296601.0,122.0,"[{'english_name': 'English', 'iso_639_1': 'en', 'name': 'English'}]",Released,8.027,10962.0
,,,Citizen Kane,839727.0,"[{'id': 9648, 'name': 'Mystery'}, {'id': 18, 'name': 'Drama'}]",en,Citizen Kane,17.866,"[{'id': 11447, 'logo_path': None, 'name': 'Mercury Productions', 'origin_country': ''}, {'id': 6, 'logo_path': '/n53F7K9scQWFXYbrCablqLKqJdp.png', 'name': 'RKO Radio Pictures', 'origin_country': 'US'}]","[{'iso_3166_1': 'US', 'name': 'United States of America'}]",1941-04-17,23218000.0,119.0,"[{'english_name': 'English', 'iso_639_1': 'en', 'name': 'English'}]",Released,8.0,4849.0
,,,Dancer in the Dark,12800000.0,"[{'id': 18, 'name': 'Drama'}, {'id': 80, 'name': 'Crime'}]",en,Dancer in the Dark,14.168,"[{'id': 53671, 'logo_path': None, 'name': 'Lantia Cinema & Audiovisivi', 'origin_country': ''}, {'id': 8, 'logo_path': '/78ilmDNTpdCfsakrsLqmAUkFTrO.png', 'name': 'Fine Line Features', 'origin_country': ''}, {'id': 76, 'logo_path': '/nebkQYtQKhZyHJfh5v0oGpNbPzu.png', 'name': 'Zentropa Entertainments', 'origin_country': 'DK'}, {'id': 119, 'logo_path': '/1di2gITGUZr730AMuMKiCrP90Vl.png', 'name': 'DR', 'origin_country': 'DK'}, {'id': 157, 'logo_path': '/s537keIoi6wUOU8E9ztWaV2DY1H.png', 'name': 'SVT Drama', 'origin_country': 'SE'}, {'id': 201, 'logo_path': '/6UIpEURdjnmcJPwgTDRzVRuwADr.png', 'name': 'ARTE', 'origin_country': 'FR'}, {'id': 321, 'logo_path': '/pfp6VWF3tYfOHHVRHpYe2iGcYrf.png', 'name': 'Memfis Film', 'origin_country': 'SE'}, {'id': 591, 'logo_path': '/q5I5RDwMEiqoNmfaJgd2LraEOJY.png', 'name': 'France 3 Cinéma', 'origin_country': 'FR'}, {'id': 2996, 'logo_path': None, 'name': 'Angel films', 'origin_country': ''}, {'id': 5975, 'logo_path': '/vvjgoKygWWYZvYyidT3RmOCq5If.png', 'name': 'YLE', 'origin_country': 'FI'}, {'id': 7330, 'logo_path': None, 'name': 'Blind Spot Pictures', 'origin_country': 'FI'}, {'id': 8659, 'logo_path': '/96hCWEsfmTZQsoUap0CcG21qaA.png', 'name': 'VPRO', 'origin_country': 'NL'}, {'id': 11239, 'logo_path': None, 'name': 'Liberator Productions', 'origin_country': 'FR'}, {'id': 14937, 'logo_path': None, 'name': 'Íslenska kvikmyndasamsteypan', 'origin_country': 'IS'}, {'id': 30268, 'logo_path': None, 'name': 'Pain Unlimited GmbH Filmproduktion', 'origin_country': ''}, {'id': 53667, 'logo_path': None, 'name': 'Trust Film Svenska', 'origin_country': ''}, {'id': 53668, 'logo_path': None, 'name': 'Cinematograph A/S', 'origin_country': ''}, {'id': 53669, 'logo_path': None, 'name': 'What Else? B.V', 'origin_country': ''}, {'id': 53670, 'logo_path': None, 'name': 'Filmek A/S', 'origin_country': ''}, {'id': 6705, 'logo_path': '/e8EXNSfwr5E9d3TR8dHKbQnQK4W.png', 'name': 'Film4 Productions', 'origin_country': 'GB'}, {'id': 104, 'logo_path': '/9aotxauvc9685tq9pTcRJszuT06.png', 'name': 'Canal+', 'origin_country': 'FR'}, {'id': 94, 'logo_path': '/huC7HqorvUThGIrENrbcHmQVUA0.png', 'name': 'ARTE France Cinéma', 'origin_country': 'FR'}, {'id': 2801, 'logo_path': '/bswb1PLLsKDUXMLgy42bZtCtIde.png', 'name': 'Film i Väst', 'origin_country': 'SE'}, {'id': 447, 'logo_path': None, 'name': 'TV 1000 Sverige', 'origin_country': 'SE'}, {'id': 46, 'logo_path': '/3xFdKHLXPGHEbrAkmsepGE8974Y.png', 'name': 'WDR', 'origin_country': 'DE'}, {'id': 47, 'logo_path': '/i7Z9ot2o3N5Sa3HrF09kniFs2y8.png', 'name': 'Constantin Film', 'origin_country': 'DE'}]","[{'iso_3166_1': 'AR', 'name': 'Argentina'}, {'iso_3166_1': 'DK', 'name': 'Denmark'}, {'iso_3166_1': 'FI', 'name': 'Finland'}, {'iso_3166_1': 'FR', 'name': 'France'}, {'iso_3166_1': 'DE', 'name': 'Germany'}, {'iso_3166_1': 'IS', 'name': 'Iceland'}, {'iso_3166_1': 'IT', 'name': 'Italy'}, {'iso_3166_1': 'NL', 'name': 'Netherlands'}, {'iso_3166_1': 'NO', 'name': 'Norway'}, {'iso_3166_1': 'SE', 'name': 'Sweden'}, {'iso_3166_1': 'GB', 'name': 'United Kingdom'}, {'iso_3166_1': 'US', 'name': 'United States of America'}]",2000-06-30,40031879.0,141.0,"[{'english_name': 'English', 'iso_639_1': 'en', 'name': 'English'}]",Released,7.881,1555.0
,,,The Dark,0.0,"[{'id': 27, 'name': 'Horror'}, {'id': 53, 'name': 'Thriller'}, {'id': 9648, 'name': 'Mystery'}]",en,The Dark,7.579,"[{'id': 47, 'logo_path': '/i7Z9ot2o3N5Sa3HrF09kniFs2y8.png', 'name': 'Constantin Film', 'origin_country': 'DE'}, {'id': 248, 'logo_path': None, 'name': 'Impact Pictures', 'origin_country': 'GB'}, {'id': 2268, 'logo_path': '/wgDks2qYgwN6u1OkW1bBre0rf4F.png', 'name': 'Isle of Man Film', 'origin_country': 'GB'}, {'id': 2452, 'logo_path': '/6CLoZ59fLPG7UyxQtGTqRevjf58.png', 'name': 'UK Film Council', 'origin_country': 'GB'}]","[{'iso_3166_1': 'DE', 'name': 'Germany'}, {'iso_3166_1': 'GB', 'name': 'United Kingdom'}]",2005-09-28,6593579.0,87.0,"[{'english_name': 'English', 'iso_639_1': 'en', 'name': 'English'}, {'english_name': 'Welsh', 'iso_639_1': 'cy', 'name': 'Cymraeg'}]",Released,5.815,232.0
,,,The Fifth Element,90000000.0,"[{'id': 12, 'name': 'Adventure'}, {'id': 14, 'name': 'Fantasy'}, {'id': 28, 'name': 'Action'}, {'id': 53, 'name': 'Thriller'}, {'id': 878, 'name': 'Science Fiction'}]",en,The Fifth Element,42.074,"[{'id': 9, 'logo_path': '/nda3dTUYdDrJ6rZqBpYvY865aDv.png', 'name': 'Gaumont', 'origin_country': 'FR'}, {'id': 5892, 'logo_path': '/AlfRSqTMw9RIHR2RIzy4pkcaXnY.png', 'name': 'Buena Vista International', 'origin_country': 'US'}, {'id': 5, 'logo_path': '/71BqEFAF4V3qjjMPCpLuyJFB9A.png', 'name': 'Columbia Pictures', 'origin_country': 'US'}]","[{'iso_3166_1': 'FR', 'name': 'France'}, {'iso_3166_1': 'GB', 'name': 'United Kingdom'}]",1997-05-02,263920180.0,126.0,"[{'english_name': 'English', 'iso_639_1': 'en', 'name': 'English'}, {'english_name': 'Swedish', 'iso_639_1': 'sv', 'name': 'svenska'}, {'english_name': 'German', 'iso_639_1': 'de', 'name': 'Deutsch'}]",Released,7.524,9658.0
,,,Metropolis,1300000.0,"[{'id': 18, 'name': 'Drama'}, {'id': 878, 'name': 'Science Fiction'}]",de,Metropolis,17.975,"[{'id': 12372, 'logo_path': None, 'name': 'UFA', 'origin_country': 'DE'}]","[{'iso_3166_1': 'DE', 'name': 'Germany'}]",1927-02-06,650422.0,149.0,"[{'english_name': 'No Language', 'iso_639_1': 'xx', 'name': 'No Language'}]",Released,8.155,2313.0
,,,My Life Without Me,2500000.0,"[{'id': 18, 'name': 'Drama'}, {'id': 10749, 'name': 'Romance'}]",en,My Life Without Me,10.911,"[{'id': 49, 'logo_path': '/xpf5iHdvvBtsH8jBMlgIJHAET0c.png', 'name': 'El Deseo', 'origin_country': 'ES'}, {'id': 77, 'logo_path': None, 'name': 'Milestone Productions', 'origin_country': ''}]","[{'iso_3166_1': 'CA', 'name': 'Canada'}, {'iso_3166_1': 'ES', 'name': 'Spain'}]",2003-03-07,12300000.0,106.0,"[{'english_name': 'English', 'iso_639_1': 'en', 'name': 'English'}]",Released,5.88,403.0
,,,The Endless Summer,0.0,"[{'id': 99, 'name': 'Documentary'}]",en,The Endless Summer,7.885,"[{'id': 13723, 'logo_path': None, 'name': 'Bruce Brown Films', 'origin_country': ''}]","[{'iso_3166_1': 'US', 'name': 'United States of America'}]",1966-06-15,0.0,91.0,"[{'english_name': 'English', 'iso_639_1': 'en', 'name': 'English'}]",Released,7.379,91.0
,,,Pirates of the Caribbean: The Curse of the Black Pearl,140000000.0,"[{'id': 12, 'name': 'Adventure'}, {'id': 14, 'name': 'Fantasy'}, {'id': 28, 'name': 'Action'}]",en,Pirates of the Caribbean: The Curse of the Black Pearl,81.928,"[{'id': 2, 'logo_path': '/wdrCwmRnLFJhEoH8GSfymY85KHT.png', 'name': 'Walt Disney Pictures', 'origin_country': 'US'}, {'id': 130, 'logo_path': '/c9dVHPOL3cqCr2593Ahk0nEKTEM.png', 'name': 'Jerry Bruckheimer Films', 'origin_country': 'US'}]","[{'iso_3166_1': 'US', 'name': 'United States of America'}]",2003-07-09,655011224.0,143.0,"[{'english_name': 'English', 'iso_639_1': 'en', 'name': 'English'}]",Released,7.784,18715.0
,,,Kill Bill: Vol. 1,30000000.0,"[{'id': 28, 'name': 'Action'}, {'id': 80, 'name': 'Crime'}]",en,Kill Bill: Vol. 1,39.284,"[{'id': 14, 'logo_path': '/m6AHu84oZQxvq7n1rsvMNJIAsMu.png', 'name': 'Miramax', 'origin_country': 'US'}, {'id': 59, 'logo_path': '/yH7OMeSxhfP0AVM6iT0rsF3F4ZC.png', 'name': 'A Band Apart', 'origin_country': 'US'}, {'id': 39121, 'logo_path': None, 'name': 'Super Cool ManChu', 'origin_country': ''}]","[{'iso_3166_1': 'US', 'name': 'United States of America'}]",2003-10-10,180906076.0,111.0,"[{'english_name': 'English', 'iso_639_1': 'en', 'name': 'English'}, {'english_name': 'Japanese', 'iso_639_1': 'ja', 'name': '日本語'}, {'english_name': 'French', 'iso_639_1': 'fr', 'name': 'Français'}]",Released,7.97,15752.0
,,,Jarhead,72000000.0,"[{'id': 18, 'name': 'Drama'}, {'id': 10752, 'name': 'War'}]",en,Jarhead,32.691,"[{'id': 14440, 'logo_path': None, 'name': 'Red Wagon Entertainment', 'origin_country': 'US'}, {'id': 1522, 'logo_path': '/8uaoEVgNxFH0R94O53gUiByahVr.png', 'name': 'Neal Street Productions', 'origin_country': 'GB'}]","[{'iso_3166_1': 'GB', 'name': 'United Kingdom'}, {'iso_3166_1': 'US', 'name': 'United States of America'}]",2005-11-04,97076152.0,123.0,"[{'english_name': 'English', 'iso_639_1': 'en', 'name': 'English'}, {'english_name': 'Spanish', 'iso_639_1': 'es', 'name': 'Español'}, {'english_name': 'Arabic', 'iso_639_1': 'ar', 'name': 'العربية'}, {'english_name': 'Latin', 'iso_639_1': 'la', 'name': 'Latin'}]",Released,6.606,2523.0
,,,Walk on Water,1400000.0,"[{'id': 18, 'name': 'Drama'}]",he,LaLehet Al HaMayim,5.488,"[{'id': 15, 'logo_path': '/2GukAxjXAF3Qf4GosI6WzIgljL3.png', 'name': 'Lama Films', 'origin_country': 'PS'}, {'id': 16, 'logo_path': '/7690NQfOfnbvrY3vFgyMO2Pc8WS.png', 'name': 'United King Films', 'origin_country': 'IL'}]","[{'iso_3166_1': 'IL', 'name': 'Israel'}, {'iso_3166_1': 'SE', 'name': 'Sweden'}]",2004-02-05,444.0,103.0,"[{'english_name': 'German', 'iso_639_1': 'de', 'name': 'Deutsch'}, {'english_name': 'Arabic', 'iso_639_1': 'ar', 'name': 'العربية'}, {'english_name': 'English', 'iso_639_1': 'en', 'name': 'English'}, {'english_name': 'Italian', 'iso_639_1': 'it', 'name': 'Italiano'}, {'english_name': 'Turkish', 'iso_639_1': 'tr', 'name': 'Türkçe'}, {'english_name': 'Hebrew', 'iso_639_1': 'he', 'name': 'עִבְרִית'}]",Released,6.9,74.0
,,,9 Songs,1000000.0,"[{'id': 18, 'name': 'Drama'}, {'id': 10402, 'name': 'Music'}, {'id': 10749, 'name': 'Romance'}]",en,9 Songs,25.513,"[{'id': 163, 'logo_path': None, 'name': 'Revolution Films', 'origin_country': 'GB'}]","[{'iso_3166_1': 'GB', 'name': 'United Kingdom'}]",2004-07-16,1574623.0,69.0,"[{'english_name': 'English', 'iso_639_1': 'en', 'name': 'English'}]",Released,5.709,440.0
,,,Apocalypse Now,31500000.0,"[{'id': 18, 'name': 'Drama'}, {'id': 10752, 'name': 'War'}]",en,Apocalypse Now,26.318,"[{'id': 60, 'logo_path': '/1SEj4nyG3JPBSKBbFhtdcHRaIF9.png', 'name': 'United Artists', 'origin_country': 'US'}, {'id': 70, 'logo_path': '/ueaENQkPcy8rlr5fGZVBXKOhlBh.png', 'name': 'American Zoetrope', 'origin_country': 'US'}]","[{'iso_3166_1': 'US', 'name': 'United States of America'}]",1979-08-15,150000000.0,147.0,"[{'english_name': 'Khmer', 'iso_639_1': 'km', 'name': ''}, {'english_name': 'English', 'iso_639_1': 'en', 'name': 'English'}, {'english_name': 'French', 'iso_639_1': 'fr', 'name': 'Français'}, {'english_name': 'Vietnamese', 'iso_639_1': 'vi', 'name': 'Tiếng Việt'}]",Released,8.281,7199.0
,,,Unforgiven,14400000.0,"[{'id': 37, 'name': 'Western'}]",en,Unforgiven,24.881,"[{'id': 174, 'logo_path': '/IuAlhI9eVC9Z8UQWOIDdWRKSEJ.png', 'name': 'Warner Bros. Pictures', 'origin_country': 'US'}, {'id': 171, 'logo_path': None, 'name': 'Malpaso Productions', 'origin_country': 'US'}]","[{'iso_3166_1': 'US', 'name': 'United States of America'}]",1992-08-07,159157447.0,130.0,"[{'english_name': 'English', 'iso_639_1': 'en', 'name': 'English'}]",Released,7.923,3798.0
,,,The Simpsons Movie,75000000.0,"[{'id': 16, 'name': 'Animation'}, {'id': 35, 'name': 'Comedy'}, {'id': 10751, 'name': 'Family'}]",en,The Simpsons Movie,58.196,"[{'id': 18, 'logo_path': '/uqhagSwM7NAkQWVCQhKTyoqF8XH.png', 'name': 'Gracie Films', 'origin_country': 'US'}, {'id': 19, 'logo_path': '/2XbFiOpwgdG1P1wKLqfk2kvcTdE.png', 'name': 'Film Roman', 'origin_country': 'US'}, {'id': 11749, 'logo_path': '/5AzTeZkSCFhiGZ86g2nz8SAHtgy.png', 'name': '20th Century Fox Animation', 'origin_country': 'US'}, {'id': 29500, 'logo_path': '/vPjzW9arYveDG682pPGoMFZCt9j.png', 'name': 'The Curiosity Company', 'origin_country': 'US'}, {'id': 25, 'logo_path': '/qZCc1lty5FzX30aOCVRBLzaVmcp.png', 'name': '20th Century Fox', 'origin_country': 'US'}]","[{'iso_3166_1': 'US', 'name': 'United States of America'}]",2007-07-25,527068851.0,87.0,"[{'english_name': 'English', 'iso_639_1': 'en', 'name': 'English'}]",Released,6.991,7230.0
,,,Eternal Sunshine of the Spotless Mind,20000000.0,"[{'id': 878, 'name': 'Science Fiction'}, {'id': 18, 'name': 'Drama'}, {'id': 10749, 'name': 'Romance'}]",en,Eternal Sunshine of the Spotless Mind,35.511,"[{'id': 10146, 'logo_path': '/xnFIOeq5cKw09kCWqV7foWDe4AA.png', 'name': 'Focus Features', 'origin_country': 'US'}, {'id': 10039, 'logo_path': '/b8w4LldQolMKiLZw4FQJBcXSDGI.png', 'name': 'Anonymous Content', 'origin_country': 'US'}, {'id': 10059, 'logo_path': None, 'name': 'This Is That Productions', 'origin_country': 'US'}]","[{'iso_3166_1': 'US', 'name': 'United States of America'}]",2004-03-19,72258126.0,108.0,"[{'english_name': 'English', 'iso_639_1': 'en', 'name': 'English'}]",Released,8.1,13327.0
,,,Amores Perros,2000000.0,"[{'id': 18, 'name': 'Drama'}, {'id': 53, 'name': 'Thriller'}]",es,Amores perros,21.736,"[{'id': 5084, 'logo_path': None, 'name': 'Altavista Films', 'origin_country': 'MX'}, {'id': 110056, 'logo_path': None, 'name': 'Zeta Film (MX)', 'origin_country': 'MX'}]","[{'iso_3166_1': 'MX', 'name': 'Mexico'}]",2000-06-16,20908467.0,154.0,"[{'english_name': 'Spanish', 'iso_639_1': 'es', 'name': 'Español'}]",Released,7.624,2245.0
,,,Pirates of the Caribbean: Dead Man's Chest,200000000.0,"[{'id': 12, 'name': 'Adventure'}, {'id': 14, 'name': 'Fantasy'}, {'id': 28, 'name': 'Action'}]",en,Pirates of the Caribbean: Dead Man's Chest,61.41,"[{'id': 2, 'logo_path': '/wdrCwmRnLFJhEoH8GSfymY85KHT.png', 'name': 'Walt Disney Pictures', 'origin_country': 'US'}, {'id': 130, 'logo_path': '/c9dVHPOL3cqCr2593Ahk0nEKTEM.png', 'name': 'Jerry Bruckheimer Films', 'origin_country': 'US'}, {'id': 19936, 'logo_path': None, 'name': 'Second Mate Productions', 'origin_country': 'US'}]","[{'iso_3166_1': 'US', 'name': 'United States of America'}]",2006-07-06,1065659812.0,151.0,"[{'english_name': 'English', 'iso_639_1': 'en', 'name': 'English'}, {'english_name': 'Turkish', 'iso_639_1': 'tr', 'name': 'Türkçe'}, {'english_name': 'Greek', 'iso_639_1': 'el', 'name': 'ελληνικά'}, {'english_name': 'Mandarin', 'iso_639_1': 'zh', 'name': '普通话'}]",Released,7.339,14466.0
,,,A History of Violence,32000000.0,"[{'id': 18, 'name': 'Drama'}, {'id': 53, 'name': 'Thriller'}, {'id': 80, 'name': 'Crime'}]",en,A History of Violence,13.172,"[{'id': 12, 'logo_path': '/5ThIuO93vsk47oexKTSdfKEr7EC.png', 'name': 'New Line Cinema', 'origin_country': 'US'}, {'id': 6363, 'logo_path': None, 'name': 'BenderSpink', 'origin_country': ''}]","[{'iso_3166_1': 'CA', 'name': 'Canada'}, {'iso_3166_1': 'DE', 'name': 'Germany'}, {'iso_3166_1': 'US', 'name': 'United States of America'}]",2005-09-23,60740827.0,96.0,"[{'english_name': 'English', 'iso_639_1': 'en', 'name': 'English'}]",Released,7.179,2798.0
,,,2001: A Space Odyssey,12000000.0,"[{'id': 878, 'name': 'Science Fiction'}, {'id': 9648, 'name': 'Mystery'}, {'id': 12, 'name': 'Adventure'}]",en,2001: A Space Odyssey,37.47,"[{'id': 385, 'logo_path': None, 'name': 'Stanley Kubrick Productions', 'origin_country': 'GB'}, {'id': 21, 'logo_path': '/5Va1Ie5c4sjfEYqixQ3L8qg7fKu.png', 'name': 'Metro-Goldwyn-Mayer', 'origin_country': 'US'}]","[{'iso_3166_1': 'GB', 'name': 'United Kingdom'}, {'iso_3166_1': 'US', 'name': 'United States of America'}]",1968-04-02,71923560.0,149.0,"[{'english_name': 'English', 'iso_639_1': 'en', 'name': 'English'}, {'english_name': 'Russian', 'iso_639_1': 'ru', 'name': 'Pусский'}]",Released,8.085,10188.0
,,,Twelve Monkeys,29000000.0,"[{'id': 878, 'name': 'Science Fiction'}, {'id': 53, 'name': 'Thriller'}, {'id': 9648, 'name': 'Mystery'}]",en,Twelve Monkeys,27.728,"[{'id': 33, 'logo_path': '/8lvHyhjr8oUKOOy2dKXoALWKdp0.png', 'name': 'Universal Pictures', 'origin_country': 'US'}, {'id': 507, 'logo_path': '/z7H707qUWigbjHnJDMfj6QITEpb.png', 'name': 'Atlas Entertainment', 'origin_country': 'US'}, {'id': 17031, 'logo_path': None, 'name': 'Classico', 'origin_country': ''}]","[{'iso_3166_1': 'US', 'name': 'United States of America'}]",1995-12-29,168841459.0,129.0,"[{'english_name': 'English', 'iso_639_1': 'en', 'name': 'English'}, {'english_name': 'French', 'iso_639_1': 'fr', 'name': 'Français'}]",Released,7.596,7445.0
,,,Talk to Her,0.0,"[{'id': 18, 'name': 'Drama'}, {'id': 10749, 'name': 'Romance'}]",es,Hable con ella,10.38,"[{'id': 357, 'logo_path': None, 'name': 'Vía Digital', 'origin_country': 'ES'}, {'id': 10565, 'logo_path': None, 'name': 'Good Machine', 'origin_country': 'US'}, {'id': 49, 'logo_path': '/xpf5iHdvvBtsH8jBMlgIJHAET0c.png', 'name': 'El Deseo', 'origin_country': 'ES'}, {'id': 29566, 'logo_path': '/wHbtRtUnXGNzX0riQIpq1fcgueq.png', 'name': 'Atresmedia', 'origin_country': 'ES'}, {'id': 58, 'logo_path': '/voYCwlBHJQANtjvm5MNIkCF1dDH.png', 'name': 'Sony Pictures Classics', 'origin_country': 'US'}, {'id': 11652, 'logo_path': None, 'name': 'Warner Bros. Entertainment España', 'origin_country': 'ES'}]","[{'iso_3166_1': 'ES', 'name': 'Spain'}, {'iso_3166_1': 'US', 'name': 'United States of America'}]",2002-03-15,64803131.0,112.0,"[{'english_name': 'Spanish', 'iso_639_1': 'es', 'name': 'Español'}]",Released,7.6,1114.0
,,,8 Mile,41000000.0,"[{'id': 18, 'name': 'Drama'}, {'id': 10402, 'name': 'Music'}]",en,8 Mile,24.868,"[{'id': 24, 'logo_path': None, 'name': 'Mikona Productions GmbH & Co. KG', 'origin_country': 'DE'}, {'id': 23, 'logo_path': '/bJOFo2ufq7iFC1F4qZm8aLxF5aS.png', 'name': 'Imagine Entertainment', 'origin_country': 'US'}]","[{'iso_3166_1': 'DE', 'name': 'Germany'}, {'iso_3166_1': 'US', 'name': 'United States of America'}]",2002-11-08,242875078.0,111.0,"[{'english_name': 'English', 'iso_639_1': 'en', 'name': 'English'}]",Released,7.126,6467.0
,,,Absolute Power,50000000.0,"[{'id': 80, 'name': 'Crime'}, {'id': 18, 'name': 'Drama'}, {'id': 28, 'name': 'Action'}]",en,Absolute Power,12.024,"[{'id': 97, 'logo_path': '/7znWcbDd4PcJzJUlJxYqAlPPykp.png', 'name': 'Castle Rock Entertainment', 'origin_country': 'US'}, {'id': 171, 'logo_path': None, 'name': 'Malpaso Productions', 'origin_country': 'US'}]","[{'iso_3166_1': 'US', 'name': 'United States of America'}]",1997-02-14,50068310.0,121.0,"[{'english_name': 'English', 'iso_639_1': 'en', 'name': 'English'}, {'english_name': 'Spanish', 'iso_639_1': 'es', 'name': 'Español'}]",Released,6.642,912.0
,,,Paradise Now,2000000.0,"[{'id': 53, 'name': 'Thriller'}, {'id': 80, 'name': 'Crime'}, {'id': 18, 'name': 'Drama'}]",en,Paradise Now,10.062,"[{'id': 850, 'logo_path': '/aF7qajGJGtMpdrtvssM9g90YanX.png', 'name': 'Eurimages', 'origin_country': 'FR'}, {'id': 15, 'logo_path': '/2GukAxjXAF3Qf4GosI6WzIgljL3.png', 'name': 'Lama Films', 'origin_country': 'PS'}, {'id': 89, 'logo_path': None, 'name': 'Augustus Film', 'origin_country': ''}, {'id': 91, 'logo_path': None, 'name': 'Lama Productions', 'origin_country': ''}, {'id': 93, 'logo_path': None, 'name': 'Lumer Films', 'origin_country': ''}, {'id': 315, 'logo_path': '/hdu0sVxgtCuQud0xF8ZBiN7hEhY.png', 'name': 'Filmstiftung Nordrhein-Westfalen', 'origin_country': 'DE'}, {'id': 703, 'logo_path': '/lMV4teVPQWJxIaiDsAsU7Vdh1iC.png', 'name': 'Razor Film Produktion', 'origin_country': 'DE'}, {'id': 4508, 'logo_path': '/sUq2S2ndKxp1B2NjbMJbSNlPI8V.png', 'name': 'Nederlands Fonds voor de Film', 'origin_country': 'NL'}, {'id': 94, 'logo_path': '/huC7HqorvUThGIrENrbcHmQVUA0.png', 'name': 'ARTE France Cinéma', 'origin_country': 'FR'}, {'id': 451, 'logo_path': '/g1GRk1SdwxNwg5J3aXtrqTaXo8k.png', 'name': 'Medienboard Berlin-Brandenburg', 'origin_country': 'DE'}, {'id': 9048, 'logo_path': None, 'name': 'Hazazah Pictures', 'origin_country': 'NL'}]","[{'iso_3166_1': 'FR', 'name': 'France'}, {'iso_3166_1': 'DE', 'name': 'Germany'}, {'iso_3166_1': 'NL', 'name': 'Netherlands'}, {'iso_3166_1': 'PS', 'name': 'Palestinian Territory'}]",2005-09-07,3395627.0,90.0,"[{'english_name': 'Arabic', 'iso_639_1': 'ar', 'name': 'العربية'}, {'english_name': 'English', 'iso_639_1': 'en', 'name': 'English'}]",Released,6.941,219.0
,,,Brazil,15000000.0,"[{'id': 35, 'name': 'Comedy'}, {'id': 878, 'name': 'Science Fiction'}]",en,Brazil,14.729,"[{'id': 10214, 'logo_path': None, 'name': 'Embassy International Pictures', 'origin_country': 'US'}]","[{'iso_3166_1': 'GB', 'name': 'United Kingdom'}, {'iso_3166_1': 'US', 'name': 'United States of America'}]",1985-02-20,9900000.0,143.0,"[{'english_name': 'English', 'iso_639_1': 'en', 'name': 'English'}]",Released,7.683,2915.0
,,,Walk the Line,28000000.0,"[{'id': 18, 'name': 'Drama'}, {'id': 10402, 'name': 'Music'}, {'id': 10749, 'name': 'Romance'}]",en,Walk the Line,17.469,"[{'id': 6402, 'logo_path': None, 'name': 'Mars Media Beteiligungs', 'origin_country': ''}, {'id': 84, 'logo_path': None, 'name': 'Tree Line Films', 'origin_country': 'US'}, {'id': 85, 'logo_path': None, 'name': 'Konrad Pictures', 'origin_country': ''}, {'id': 86, 'logo_path': None, 'name': 'Catfish Productions', 'origin_country': 'US'}, {'id': 711, 'logo_path': '/tEiIH5QesdheJmDAqQwvtN60727.png', 'name': 'Fox 2000 Pictures', 'origin_country': 'US'}]","[{'iso_3166_1': 'DE', 'name': 'Germany'}, {'iso_3166_1': 'US', 'name': 'United States of America'}]",2005-09-13,186797986.0,136.0,"[{'english_name': 'English', 'iso_639_1': 'en', 'name': 'English'}, {'english_name': 'Russian', 'iso_639_1': 'ru', 'name': 'Pусский'}]",Released,7.491,2548.0
,,,Million Dollar Baby,30000000.0,"[{'id': 18, 'name': 'Drama'}]",en,Million Dollar Baby,21.39,"[{'id': 126, 'logo_path': '/kADPanRDkKTxncPXXVahvHPUvCj.png', 'name': 'Lakeshore Entertainment', 'origin_country': 'US'}, {'id': 171, 'logo_path': None, 'name': 'Malpaso Productions', 'origin_country': 'US'}, {'id': 1171, 'logo_path': None, 'name': 'Epsilon Motion Pictures', 'origin_country': 'CH'}, {'id': 16311, 'logo_path': None, 'name': 'Albert S. Ruddy Productions', 'origin_country': ''}, {'id': 174, 'logo_path': '/IuAlhI9eVC9Z8UQWOIDdWRKSEJ.png', 'name': 'Warner Bros. Pictures', 'origin_country': 'US'}]","[{'iso_3166_1': 'US', 'name': 'United States of America'}]",2004-12-15,216763646.0,132.0,"[{'english_name': 'Irish', 'iso_639_1': 'ga', 'name': 'Gaeilge'}, {'english_name': 'English', 'iso_639_1': 'en', 'name': 'English'}]",Released,7.962,8620.0
,,,Billy Elliot,5000000.0,"[{'id': 18, 'name': 'Drama'}, {'id': 35, 'name': 'Comedy'}, {'id': 10402, 'name': 'Music'}]",en,Billy Elliot,16.628,"[{'id': 694, 'logo_path': '/5LEHONGkZBIoWvp1ygHOF8iyi1M.png', 'name': 'StudioCanal', 'origin_country': 'FR'}, {'id': 288, 'logo_path': '/aW0IpM9d4Zjj978EqgDVSxXXhTj.png', 'name': 'BBC Film', 'origin_country': 'GB'}, {'id': 686, 'logo_path': '/qMVjV8YFbxXrGVF4wD6hRjllVbr.png', 'name': 'Tiger Aspect Productions', 'origin_country': 'GB'}, {'id': 718, 'logo_path': None, 'name': 'Arts Council of England', 'origin_country': 'GB'}, {'id': 10163, 'logo_path': '/16KWBMmfPX0aJzDExDrPxSLj0Pg.png', 'name': 'Working Title Films', 'origin_country': 'GB'}, {'id': 10462, 'logo_path': None, 'name': 'WT2 Productions', 'origin_country': ''}, {'id': 10146, 'logo_path': '/xnFIOeq5cKw09kCWqV7foWDe4AA.png', 'name': 'Focus Features', 'origin_country': 'US'}, {'id': 33, 'logo_path': '/8lvHyhjr8oUKOOy2dKXoALWKdp0.png', 'name': 'Universal Pictures', 'origin_country': 'US'}]","[{'iso_3166_1': 'FR', 'name': 'France'}, {'iso_3166_1': 'GB', 'name': 'United Kingdom'}, {'iso_3166_1': 'US', 'name': 'United States of America'}]",2000-09-28,109280263.0,110.0,"[{'english_name': 'English', 'iso_639_1': 'en', 'name': 'English'}]",Released,7.591,3473.0
,,,American History X,20000000.0,"[{'id': 18, 'name': 'Drama'}]",en,American History X,27.872,"[{'id': 12, 'logo_path': '/5ThIuO93vsk47oexKTSdfKEr7EC.png', 'name': 'New Line Cinema', 'origin_country': 'US'}, {'id': 11308, 'logo_path': None, 'name': 'Savoy Pictures', 'origin_country': ''}, {'id': 924, 'logo_path': None, 'name': 'The Turman-Morrissey Company', 'origin_country': ''}]","[{'iso_3166_1': 'US', 'name': 'United States of America'}]",1998-07-01,23875127.0,119.0,"[{'english_name': 'English', 'iso_639_1': 'en', 'name': 'English'}]",Released,8.355,10372.0
,,,War of the Worlds,132000000.0,"[{'id': 12, 'name': 'Adventure'}, {'id': 53, 'name': 'Thriller'}, {'id': 878, 'name': 'Science Fiction'}]",en,War of the Worlds,47.554,"[{'id': 4, 'logo_path': '/gz66EfNoYPqHTYI4q9UEN4CbHRc.png', 'name': 'Paramount', 'origin_country': 'US'}, {'id': 56, 'logo_path': '/cEaxANEisCqeEoRvODv2dO1I0iI.png', 'name': 'Amblin Entertainment', 'origin_country': 'US'}, {'id': 44, 'logo_path': None, 'name': 'Cruise/Wagner Productions', 'origin_country': 'US'}, {'id': 7, 'logo_path': '/vru2SssLX3FPhnKZGtYw00pVIS9.png', 'name': 'DreamWorks Pictures', 'origin_country': 'US'}]","[{'iso_3166_1': 'US', 'name': 'United States of America'}]",2005-06-28,603873119.0,117.0,"[{'english_name': 'English', 'iso_639_1': 'en', 'name': 'English'}]",Released,6.493,7481.0
,,,Mars Attacks!,70000000.0,"[{'id': 35, 'name': 'Comedy'}, {'id': 14, 'name': 'Fantasy'}, {'id': 878, 'name': 'Science Fiction'}]",en,Mars Attacks!,18.409,"[{'id': 8601, 'logo_path': None, 'name': 'Tim Burton Productions', 'origin_country': ''}, {'id': 174, 'logo_path': '/IuAlhI9eVC9Z8UQWOIDdWRKSEJ.png', 'name': 'Warner Bros. Pictures', 'origin_country': 'US'}]","[{'iso_3166_1': 'US', 'name': 'United States of America'}]",1996-12-12,101371017.0,106.0,"[{'english_name': 'English', 'iso_639_1': 'en', 'name': 'English'}, {'english_name': 'French', 'iso_639_1': 'fr', 'name': 'Français'}]",Released,6.394,4864.0
,,,Before Sunrise,2500000.0,"[{'id': 18, 'name': 'Drama'}, {'id': 10749, 'name': 'Romance'}]",en,Before Sunrise,23.049,"[{'id': 97, 'logo_path': '/7znWcbDd4PcJzJUlJxYqAlPPykp.png', 'name': 'Castle Rock Entertainment', 'origin_country': 'US'}, {'id': 104576, 'logo_path': '/sNhEzePPkxW3AKqr3l0h7I1k0hR.png', 'name': 'Filmhaus Films', 'origin_country': 'AT'}, {'id': 11510, 'logo_path': '/gg3gP2wHNNfOfLKdXGjYC9qJ9ok.png', 'name': 'Detour Filmproduction', 'origin_country': 'US'}]","[{'iso_3166_1': 'AT', 'name': 'Austria'}, {'iso_3166_1': 'CH', 'name': 'Switzerland'}, {'iso_3166_1': 'US', 'name': 'United States of America'}]",1995-01-27,5987386.0,101.0,"[{'english_name': 'English', 'iso_639_1': 'en', 'name': 'English'}, {'english_name': 'German', 'iso_639_1': 'de', 'name': 'Deutsch'}, {'english_name': 'French', 'iso_639_1': 'fr', 'name': 'Français'}]",Released,8.0,3548.0
,,,Memento,9000000.0,"[{'id': 9648, 'name': 'Mystery'}, {'id': 53, 'name': 'Thriller'}]",en,Memento,28.175,"[{'id': 491, 'logo_path': '/rUp0lLKa1pr4UsPm8fgzmnNGxtq.png', 'name': 'Summit Entertainment', 'origin_country': 'US'}, {'id': 506, 'logo_path': None, 'name': 'Newmarket Capital Group', 'origin_country': 'US'}, {'id': 598, 'logo_path': None, 'name': 'Team Todd', 'origin_country': ''}, {'id': 34446, 'logo_path': None, 'name': 'I Remember Productions', 'origin_country': ''}]","[{'iso_3166_1': 'US', 'name': 'United States of America'}]",2000-10-11,39723096.0,113.0,"[{'english_name': 'English', 'iso_639_1': 'en', 'name': 'English'}]",Released,8.19,13261.0
,,,Blade Runner,28000000.0,"[{'id': 878, 'name': 'Science Fiction'}, {'id': 18, 'name': 'Drama'}, {'id': 53, 'name': 'Thriller'}]",en,Blade Runner,44.855,"[{'id': 5798, 'logo_path': '/tmuI9BGXgpWLmokhlxpnG3IGNQB.png', 'name': 'Shaw Brothers', 'origin_country': 'HK'}, {'id': 7965, 'logo_path': None, 'name': 'The Ladd Company', 'origin_country': 'US'}, {'id': 174, 'logo_path': '/IuAlhI9eVC9Z8UQWOIDdWRKSEJ.png', 'name': 'Warner Bros. Pictures', 'origin_country': 'US'}]","[{'iso_3166_1': 'US', 'name': 'United States of America'}, {'iso_3166_1': 'HK', 'name': 'Hong Kong'}, {'iso_3166_1': 'GB', 'name': 'United Kingdom'}]",1982-06-25,41722424.0,118.0,"[{'english_name': 'English', 'iso_639_1': 'en', 'name': 'English'}, {'english_name': 'German', 'iso_639_1': 'de', 'name': 'Deutsch'}, {'english_name': 'Cantonese', 'iso_639_1': 'cn', 'name': '广州话 / 廣州話'}, {'english_name': 'Japanese', 'iso_639_1': 'ja', 'name': '日本語'}, {'english_name': 'Hungarian', 'iso_639_1': 'hu', 'name': 'Magyar'}]",Released,7.934,12373.0
,,,Hero,31000000.0,"[{'id': 18, 'name': 'Drama'}, {'id': 12, 'name': 'Adventure'}, {'id': 28, 'name': 'Action'}, {'id': 36, 'name': 'History'}]",zh,英雄,19.529,"[{'id': 724, 'logo_path': None, 'name': 'Beijing New Picture Film Co. Ltd.', 'origin_country': ''}, {'id': 2269, 'logo_path': None, 'name': 'China Film Co-Production Corporation', 'origin_country': ''}, {'id': 14, 'logo_path': '/m6AHu84oZQxvq7n1rsvMNJIAsMu.png', 'name': 'Miramax', 'origin_country': 'US'}]","[{'iso_3166_1': 'CN', 'name': 'China'}]",2002-07-22,177394432.0,99.0,"[{'english_name': 'Mandarin', 'iso_639_1': 'zh', 'name': '普通话'}]",Released,7.507,1950.0
,,,Before Sunset,2700000.0,"[{'id': 18, 'name': 'Drama'}, {'id': 10749, 'name': 'Romance'}]",en,Before Sunset,14.429,"[{'id': 11509, 'logo_path': None, 'name': 'Warner Independent Pictures (WIP)', 'origin_country': 'US'}, {'id': 97, 'logo_path': '/7znWcbDd4PcJzJUlJxYqAlPPykp.png', 'name': 'Castle Rock Entertainment', 'origin_country': 'US'}, {'id': 11510, 'logo_path': '/gg3gP2wHNNfOfLKdXGjYC9qJ9ok.png', 'name': 'Detour Filmproduction', 'origin_country': 'US'}]","[{'iso_3166_1': 'US', 'name': 'United States of America'}]",2004-02-10,15992615.0,80.0,"[{'english_name': 'English', 'iso_639_1': 'en', 'name': 'English'}, {'english_name': 'French', 'iso_639_1': 'fr', 'name': 'Français'}]",Released,7.818,2943.0
,,,Nausicaä of the Valley of the Wind,1000000.0,"[{'id': 12, 'name': 'Adventure'}, {'id': 16, 'name': 'Animation'}, {'id': 14, 'name': 'Fantasy'}]",ja,風の谷のナウシカ,29.764,"[{'id': 29, 'logo_path': '/2ZGkaLO1oVR39zxtQca8iDaU7fR.png', 'name': 'Topcraft', 'origin_country': 'JP'}]","[{'iso_3166_1': 'JP', 'name': 'Japan'}]",1984-03-11,3301446.0,117.0,"[{'english_name': 'Japanese', 'iso_639_1': 'ja', 'name': '日本語'}]",Released,7.933,3040.0
,,,Miami Vice,135000000.0,"[{'id': 28, 'name': 'Action'}, {'id': 80, 'name': 'Crime'}, {'id': 53, 'name': 'Thriller'}]",en,Miami Vice,16.786,"[{'id': 52846, 'logo_path': '/w2nzPUUGenayZtb3stEdfpOdz2s.png', 'name': 'Metropolis Films', 'origin_country': 'UY'}, {'id': 33, 'logo_path': '/8lvHyhjr8oUKOOy2dKXoALWKdp0.png', 'name': 'Universal Pictures', 'origin_country': 'US'}, {'id': 675, 'logo_path': None, 'name': 'Forward Pass', 'origin_country': 'US'}, {'id': 52844, 'logo_path': None, 'name': 'Motion Picture ETA Produktionsgesellschaft', 'origin_country': ''}, {'id': 52845, 'logo_path': '/56uEMEnS7pTNu5LuUYd4KNzgu5.png', 'name': 'Foqus Arte Digital', 'origin_country': 'PY'}, {'id': 65822, 'logo_path': None, 'name': 'Michael Mann Productions', 'origin_country': ''}]","[{'iso_3166_1': 'UY', 'name': 'Uruguay'}, {'iso_3166_1': 'US', 'name': 'United States of America'}, {'iso_3166_1': 'DE', 'name': 'Germany'}, {'iso_3166_1': 'PY', 'name': 'Paraguay'}]",2006-07-27,163794509.0,132.0,"[{'english_name': 'English', 'iso_639_1': 'en', 'name': 'English'}, {'english_name': 'Spanish', 'iso_639_1': 'es', 'name': 'Español'}]",Released,5.982,1527.0
,,,Open Water,130000.0,"[{'id': 18, 'name': 'Drama'}, {'id': 53, 'name': 'Thriller'}, {'id': 27, 'name': 'Horror'}]",en,Open Water,12.265,"[{'id': 22376, 'logo_path': None, 'name': 'Plunge Pictures LLC', 'origin_country': ''}]","[{'iso_3166_1': 'US', 'name': 'United States of America'}]",2003-10-26,54667954.0,79.0,"[{'english_name': 'English', 'iso_639_1': 'en', 'name': 'English'}]",Released,5.512,941.0
,,,Raiders of the Lost Ark,18000000.0,"[{'id': 12, 'name': 'Adventure'}, {'id': 28, 'name': 'Action'}]",en,Raiders of the Lost Ark,50.003,"[{'id': 4, 'logo_path': '/gz66EfNoYPqHTYI4q9UEN4CbHRc.png', 'name': 'Paramount', 'origin_country': 'US'}, {'id': 1, 'logo_path': '/o86DbpburjxrqAzEDhXZcyE8pDb.png', 'name': 'Lucasfilm Ltd.', 'origin_country': 'US'}]","[{'iso_3166_1': 'US', 'name': 'United States of America'}]",1981-06-12,389925971.0,115.0,"[{'english_name': 'English', 'iso_639_1': 'en', 'name': 'English'}, {'english_name': 'Spanish', 'iso_639_1': 'es', 'name': 'Español'}, {'english_name': 'German', 'iso_639_1': 'de', 'name': 'Deutsch'}, {'english_name': 'Hebrew', 'iso_639_1': 'he', 'name': 'עִבְרִית'}, {'english_name': 'Arabic', 'iso_639_1': 'ar', 'name': 'العربية'}, {'english_name': 'Nepali', 'iso_639_1': 'ne', 'name': ''}]",Released,7.922,10930.0
,,,The Elementary Particles,6000000.0,"[{'id': 18, 'name': 'Drama'}, {'id': 10749, 'name': 'Romance'}]",de,Elementarteilchen,9.816,"[{'id': 74, 'logo_path': '/v8CBkNxdmHbQc9JpnaEfHGBMXco.png', 'name': 'Moovie', 'origin_country': 'DE'}, {'id': 75, 'logo_path': None, 'name': 'Medienfonds German Film Productions GmbH & Co. KG', 'origin_country': 'DE'}, {'id': 47, 'logo_path': '/i7Z9ot2o3N5Sa3HrF09kniFs2y8.png', 'name': 'Constantin Film', 'origin_country': 'DE'}, {'id': 1251, 'logo_path': '/fc0O0mvjl8PbHgZXXY2VgPYos1Z.png', 'name': 'ARD', 'origin_country': 'DE'}]","[{'iso_3166_1': 'DE', 'name': 'Germany'}]",2006-02-10,0.0,105.0,"[{'english_name': 'English', 'iso_639_1': 'en', 'name': 'English'}, {'english_name': 'German', 'iso_639_1': 'de', 'name': 'Deutsch'}]",Released,6.209,117.0
,,,Indiana Jones and the Temple of Doom,28000000.0,"[{'id': 12, 'name': 'Adventure'}, {'id': 28, 'name': 'Action'}]",en,Indiana Jones and the Temple of Doom,30.861,"[{'id': 4, 'logo_path': '/gz66EfNoYPqHTYI4q9UEN4CbHRc.png', 'name': 'Paramount', 'origin_country': 'US'}, {'id': 1, 'logo_path': '/o86DbpburjxrqAzEDhXZcyE8pDb.png', 'name': 'Lucasfilm Ltd.', 'origin_country': 'US'}]","[{'iso_3166_1': 'US', 'name': 'United States of America'}]",1984-05-23,333000000.0,118.0,"[{'english_name': 'Mandarin', 'iso_639_1': 'zh', 'name': '普通话'}, {'english_name': 'English', 'iso_639_1': 'en', 'name': 'English'}, {'english_name': 'Sinhalese', 'iso_639_1': 'si', 'name': 'සිංහල'}]",Released,7.3,8059.0
,,,Dirty Dancing,6000000.0,"[{'id': 18, 'name': 'Drama'}, {'id': 10402, 'name': 'Music'}, {'id': 10749, 'name': 'Romance'}]",en,Dirty Dancing,26.282,"[{'id': 137, 'logo_path': None, 'name': 'Great American Films Limited Partnership', 'origin_country': ''}, {'id': 12360, 'logo_path': '/EugVVMfcbv9zxCr0C60VhD0vGY.png', 'name': 'Vestron Pictures', 'origin_country': 'US'}]","[{'iso_3166_1': 'US', 'name': 'United States of America'}]",1987-08-21,214577242.0,100.0,"[{'english_name': 'English', 'iso_639_1': 'en', 'name': 'English'}]",Released,7.347,5489.0
,,,Indiana Jones and the Last Crusade,48000000.0,"[{'id': 12, 'name': 'Adventure'}, {'id': 28, 'name': 'Action'}]",en,Indiana Jones and the Last Crusade,32.749,"[{'id': 4, 'logo_path': '/gz66EfNoYPqHTYI4q9UEN4CbHRc.png', 'name': 'Paramount', 'origin_country': 'US'}, {'id': 1, 'logo_path': '/o86DbpburjxrqAzEDhXZcyE8pDb.png', 'name': 'Lucasfilm Ltd.', 'origin_country': 'US'}]","[{'iso_3166_1': 'US', 'name': 'United States of America'}]",1989-05-24,474171806.0,127.0,"[{'english_name': 'Arabic', 'iso_639_1': 'ar', 'name': 'العربية'}, {'english_name': 'English', 'iso_639_1': 'en', 'name': 'English'}, {'english_name': 'German', 'iso_639_1': 'de', 'name': 'Deutsch'}, {'english_name': 'Greek', 'iso_639_1': 'el', 'name': 'ελληνικά'}]",Released,7.839,8843.0
,,,Beverly Hills Cop,14000000.0,"[{'id': 28, 'name': 'Action'}, {'id': 35, 'name': 'Comedy'}, {'id': 80, 'name': 'Crime'}]",en,Beverly Hills Cop,21.571,"[{'id': 4, 'logo_path': '/gz66EfNoYPqHTYI4q9UEN4CbHRc.png', 'name': 'Paramount', 'origin_country': 'US'}, {'id': 30, 'logo_path': None, 'name': 'Eddie Murphy Productions', 'origin_country': 'US'}, {'id': 10288, 'logo_path': None, 'name': 'Don Simpson/Jerry Bruckheimer Films', 'origin_country': 'US'}]","[{'iso_3166_1': 'US', 'name': 'United States of America'}]",1984-12-05,316360478.0,105.0,"[{'english_name': 'English', 'iso_639_1': 'en', 'name': 'English'}]",Released,7.185,3516.0
,,,Land Without Bread,0.0,"[{'id': 99, 'name': 'Documentary'}]",es,Las Hurdes,7.341,"[{'id': 85869, 'logo_path': None, 'name': 'Ramón Acín', 'origin_country': ''}]","[{'iso_3166_1': 'FR', 'name': 'France'}, {'iso_3166_1': 'ES', 'name': 'Spain'}]",1933-12-01,0.0,29.0,"[{'english_name': 'French', 'iso_639_1': 'fr', 'name': 'Français'}, {'english_name': 'No Language', 'iso_639_1': 'xx', 'name': 'No Language'}]",Released,7.091,132.0
,,,Megacities,0.0,"[{'id': 99, 'name': 'Documentary'}]",en,Megacities,2.371,"[{'id': 37058, 'logo_path': '/pWUIywEOdy0650kBbuRw5aI90zA.png', 'name': 'Lotus-Film', 'origin_country': 'AT'}, {'id': 8490, 'logo_path': None, 'name': 'Fama Film AG', 'origin_country': ''}]","[{'iso_3166_1': 'AT', 'name': 'Austria'}, {'iso_3166_1': 'CH', 'name': 'Switzerland'}]",1998-08-12,0.0,94.0,"[{'english_name': 'Spanish', 'iso_639_1': 'es', 'name': 'Español'}, {'english_name': 'Hindi', 'iso_639_1': 'hi', 'name': 'हिन्दी'}, {'english_name': 'English', 'iso_639_1': 'en', 'name': 'English'}, {'english_name': 'Russian', 'iso_639_1': 'ru', 'name': 'Pусский'}]",Released,6.9,17.0
,,,Anatomy of a Murder,2000000.0,"[{'id': 80, 'name': 'Crime'}, {'id': 18, 'name': 'Drama'}, {'id': 9648, 'name': 'Mystery'}]",en,Anatomy of a Murder,14.464,"[{'id': 5, 'logo_path': '/71BqEFAF4V3qjjMPCpLuyJFB9A.png', 'name': 'Columbia Pictures', 'origin_country': 'US'}]","[{'iso_3166_1': 'US', 'name': 'United States of America'}]",1959-07-01,8000000.0,161.0,"[{'english_name': 'English', 'iso_639_1': 'en', 'name': 'English'}]",Released,7.838,807.0
,,,Kunstgriff,0.0,"[{'id': 35, 'name': 'Comedy'}]",de,Kunstgriff,1.4,"[{'id': 31, 'logo_path': '/8a71Y2PZAoYEz70C5tULJU6ex97.png', 'name': 'Hamburger Filmschule', 'origin_country': 'DE'}]","[{'iso_3166_1': 'DE', 'name': 'Germany'}]",2002-01-01,0.0,6.0,"[{'english_name': 'No Language', 'iso_639_1': 'xx', 'name': 'No Language'}]",Released,8.5,2.0
,,,Armageddon,140000000.0,"[{'id': 28, 'name': 'Action'}, {'id': 53, 'name': 'Thriller'}, {'id': 878, 'name': 'Science Fiction'}, {'id': 12, 'name': 'Adventure'}]",en,Armageddon,30.458,"[{'id': 9195, 'logo_path': '/ou5BUbtulr6tIt699q6xJiEQTR9.png', 'name': 'Touchstone Pictures', 'origin_country': 'US'}, {'id': 130, 'logo_path': '/c9dVHPOL3cqCr2593Ahk0nEKTEM.png', 'name': 'Jerry Bruckheimer Films', 'origin_country': 'US'}, {'id': 11533, 'logo_path': '/tWM9pmzVYxok4GbQIttxdcml1yT.png', 'name': 'Valhalla Motion Pictures', 'origin_country': 'US'}]","[{'iso_3166_1': 'US', 'name': 'United States of America'}]",1998-07-01,553799566.0,151.0,"[{'english_name': 'English', 'iso_639_1': 'en', 'name': 'English'}, {'english_name': 'Russian', 'iso_639_1': 'ru', 'name': 'Pусский'}]",Released,6.824,7108.0
,,,Beverly Hills Cop II,28000000.0,"[{'id': 28, 'name': 'Action'}, {'id': 35, 'name': 'Comedy'}, {'id': 80, 'name': 'Crime'}]",en,Beverly Hills Cop II,20.608,"[{'id': 30, 'logo_path': None, 'name': 'Eddie Murphy Productions', 'origin_country': 'US'}, {'id': 4, 'logo_path': '/gz66EfNoYPqHTYI4q9UEN4CbHRc.png', 'name': 'Paramount', 'origin_country': 'US'}, {'id': 10288, 'logo_path': None, 'name': 'Don Simpson/Jerry Bruckheimer Films', 'origin_country': 'US'}]","[{'iso_3166_1': 'US', 'name': 'United States of America'}]",1987-05-18,299965036.0,103.0,"[{'english_name': 'English', 'iso_639_1': 'en', 'name': 'English'}]",Released,6.467,2068.0
,,,Tron,17000000.0,"[{'id': 878, 'name': 'Science Fiction'}, {'id': 28, 'name': 'Action'}, {'id': 12, 'name': 'Adventure'}]",en,Tron,20.768,"[{'id': 558, 'logo_path': None, 'name': 'Lisberger/Kushner Productions', 'origin_country': ''}, {'id': 3166, 'logo_path': '/vyyv4Gy9nPqAZKElPm2izLlEaVS.png', 'name': 'Walt Disney Productions', 'origin_country': 'US'}]","[{'iso_3166_1': 'US', 'name': 'United States of America'}]",1982-07-09,33000000.0,96.0,"[{'english_name': 'English', 'iso_639_1': 'en', 'name': 'English'}]",Released,6.678,1965.0
,,,Gladiator,103000000.0,"[{'id': 28, 'name': 'Action'}, {'id': 18, 'name': 'Drama'}, {'id': 12, 'name': 'Adventure'}]",en,Gladiator,50.868,"[{'id': 33, 'logo_path': '/8lvHyhjr8oUKOOy2dKXoALWKdp0.png', 'name': 'Universal Pictures', 'origin_country': 'US'}, {'id': 1645, 'logo_path': '/6Ry6uNBaa0IbbSs1XYIgX5DkA9r.png', 'name': 'Scott Free Productions', 'origin_country': 'GB'}, {'id': 14440, 'logo_path': None, 'name': 'Red Wagon Entertainment', 'origin_country': 'US'}, {'id': 21904, 'logo_path': None, 'name': 'Mill Film', 'origin_country': 'GB'}, {'id': 21905, 'logo_path': None, 'name': 'C & L', 'origin_country': 'MT'}, {'id': 21906, 'logo_path': None, 'name': 'Dawliz', 'origin_country': 'MA'}, {'id': 7, 'logo_path': '/vru2SssLX3FPhnKZGtYw00pVIS9.png', 'name': 'DreamWorks Pictures', 'origin_country': 'US'}]","[{'iso_3166_1': 'GB', 'name': 'United Kingdom'}, {'iso_3166_1': 'US', 'name': 'United States of America'}]",2000-05-04,465361176.0,155.0,"[{'english_name': 'English', 'iso_639_1': 'en', 'name': 'English'}]",Released,8.206,16416.0
,,,All About My Mother,8272296.0,"[{'id': 35, 'name': 'Comedy'}, {'id': 18, 'name': 'Drama'}]",es,Todo sobre mi madre,13.503,"[{'id': 82, 'logo_path': None, 'name': 'Renn Productions', 'origin_country': 'FR'}, {'id': 83, 'logo_path': '/9OQ0rm55xtlgX7KcAKMUePJSrQc.png', 'name': 'France 2 Cinéma', 'origin_country': 'FR'}, {'id': 49, 'logo_path': '/xpf5iHdvvBtsH8jBMlgIJHAET0c.png', 'name': 'El Deseo', 'origin_country': 'ES'}, {'id': 357, 'logo_path': None, 'name': 'Vía Digital', 'origin_country': 'ES'}, {'id': 104, 'logo_path': '/9aotxauvc9685tq9pTcRJszuT06.png', 'name': 'Canal+', 'origin_country': 'FR'}]","[{'iso_3166_1': 'ES', 'name': 'Spain'}, {'iso_3166_1': 'FR', 'name': 'France'}]",1999-04-16,67872296.0,101.0,"[{'english_name': 'Catalan', 'iso_639_1': 'ca', 'name': 'Català'}, {'english_name': 'Spanish', 'iso_639_1': 'es', 'name': 'Español'}]",Released,7.663,1627.0
,,,"Lock, Stock and Two Smoking Barrels",1350000.0,"[{'id': 35, 'name': 'Comedy'}, {'id': 80, 'name': 'Crime'}]",en,"Lock, Stock and Two Smoking Barrels",9.361,"[{'id': 491, 'logo_path': '/rUp0lLKa1pr4UsPm8fgzmnNGxtq.png', 'name': 'Summit Entertainment', 'origin_country': 'US'}, {'id': 21920, 'logo_path': None, 'name': 'The Steve Tisch Company', 'origin_country': ''}, {'id': 13419, 'logo_path': None, 'name': 'SKA Films', 'origin_country': 'GB'}, {'id': 1382, 'logo_path': '/sOg7LGESPH5vCTOIdbMhLuypoLL.png', 'name': 'PolyGram Filmed Entertainment', 'origin_country': 'US'}, {'id': 20076, 'logo_path': '/i9qXGJIP9fGN22PP5jXUVENbyHi.png', 'name': 'HandMade Films', 'origin_country': 'GB'}]","[{'iso_3166_1': 'GB', 'name': 'United Kingdom'}, {'iso_3166_1': 'US', 'name': 'United States of America'}]",1998-08-28,28356188.0,105.0,"[{'english_name': 'English', 'iso_639_1': 'en', 'name': 'English'}]",Released,8.133,5902.0
,,,Léon: The Professional,16000000.0,"[{'id': 80, 'name': 'Crime'}, {'id': 18, 'name': 'Drama'}, {'id': 28, 'name': 'Action'}]",en,Léon: The Professional,42.955,"[{'id': 9, 'logo_path': '/nda3dTUYdDrJ6rZqBpYvY865aDv.png', 'name': 'Gaumont', 'origin_country': 'FR'}, {'id': 66743, 'logo_path': None, 'name': 'Les Films du Dauphin', 'origin_country': 'FR'}]","[{'iso_3166_1': 'US', 'name': 'United States of America'}, {'iso_3166_1': 'FR', 'name': 'France'}]",1994-09-14,45284974.0,111.0,"[{'english_name': 'English', 'iso_639_1': 'en', 'name': 'English'}, {'english_name': 'French', 'iso_639_1': 'fr', 'name': 'Français'}, {'english_name': 'Italian', 'iso_639_1': 'it', 'name': 'Italiano'}]",Released,8.321,13204.0
,,,Open Hearts,0.0,"[{'id': 18, 'name': 'Drama'}, {'id': 10749, 'name': 'Romance'}]",da,Elsker dig for evigt,6.837,"[{'id': 76, 'logo_path': '/nebkQYtQKhZyHJfh5v0oGpNbPzu.png', 'name': 'Zentropa Entertainments', 'origin_country': 'DK'}, {'id': 118, 'logo_path': '/AiBorgNTCS1lT1FdFPYheax9jfF.png', 'name': 'Det Danske Filminstitut', 'origin_country': 'DK'}]","[{'iso_3166_1': 'DK', 'name': 'Denmark'}]",2002-09-06,0.0,113.0,"[{'english_name': 'Danish', 'iso_639_1': 'da', 'name': 'Dansk'}]",Released,6.8,85.0
,,,Taxi Driver,1300000.0,"[{'id': 80, 'name': 'Crime'}, {'id': 18, 'name': 'Drama'}]",en,Taxi Driver,42.648,"[{'id': 46059, 'logo_path': None, 'name': 'Italo/Judeo Productions', 'origin_country': ''}, {'id': 46060, 'logo_path': None, 'name': 'Bill/Phillips', 'origin_country': ''}, {'id': 5, 'logo_path': '/71BqEFAF4V3qjjMPCpLuyJFB9A.png', 'name': 'Columbia Pictures', 'origin_country': 'US'}]","[{'iso_3166_1': 'US', 'name': 'United States of America'}]",1976-02-09,28570902.0,114.0,"[{'english_name': 'English', 'iso_639_1': 'en', 'name': 'English'}, {'english_name': 'Spanish', 'iso_639_1': 'es', 'name': 'Español'}]",Released,8.2,10604.0
,,,Run Lola Run,1530000.0,"[{'id': 28, 'name': 'Action'}, {'id': 18, 'name': 'Drama'}, {'id': 53, 'name': 'Thriller'}]",de,Lola rennt,16.112,"[{'id': 96, 'logo_path': '/9ps82gVzUeNdkjmLzoGDQLiLDio.png', 'name': 'X Filme Creative Pool', 'origin_country': 'DE'}, {'id': 46, 'logo_path': '/3xFdKHLXPGHEbrAkmsepGE8974Y.png', 'name': 'WDR', 'origin_country': 'DE'}]","[{'iso_3166_1': 'DE', 'name': 'Germany'}]",1998-03-03,7267585.0,81.0,"[{'english_name': 'German', 'iso_639_1': 'de', 'name': 'Deutsch'}, {'english_name': 'English', 'iso_639_1': 'en', 'name': 'English'}, {'english_name': 'Japanese', 'iso_639_1': 'ja', 'name': '日本語'}]",Released,7.321,1914.0
,,,Back to the Future,19000000.0,"[{'id': 12, 'name': 'Adventure'}, {'id': 35, 'name': 'Comedy'}, {'id': 878, 'name': 'Science Fiction'}]",en,Back to the Future,55.818,"[{'id': 33, 'logo_path': '/8lvHyhjr8oUKOOy2dKXoALWKdp0.png', 'name': 'Universal Pictures', 'origin_country': 'US'}, {'id': 56, 'logo_path': '/cEaxANEisCqeEoRvODv2dO1I0iI.png', 'name': 'Amblin Entertainment', 'origin_country': 'US'}]","[{'iso_3166_1': 'US', 'name': 'United States of America'}]",1985-07-03,381109762.0,116.0,"[{'english_name': 'English', 'iso_639_1': 'en', 'name': 'English'}]",Released,8.312,17882.0
,,,Predator,15000000.0,"[{'id': 878, 'name': 'Science Fiction'}, {'id': 28, 'name': 'Action'}, {'id': 12, 'name': 'Adventure'}, {'id': 53, 'name': 'Thriller'}]",en,Predator,53.268,"[{'id': 1885, 'logo_path': '/tXMFoE8AtNdnFzWOW0aCLwl7xxS.png', 'name': 'Silver Pictures', 'origin_country': 'US'}, {'id': 25, 'logo_path': '/qZCc1lty5FzX30aOCVRBLzaVmcp.png', 'name': '20th Century Fox', 'origin_country': 'US'}, {'id': 840, 'logo_path': None, 'name': 'Lawrence Gordon Productions', 'origin_country': 'US'}, {'id': 1302, 'logo_path': '/zC3b70ixHh89qJIikLQPEvLqbPM.png', 'name': 'Davis Entertainment', 'origin_country': 'US'}, {'id': 5263, 'logo_path': None, 'name': 'Amercent Films', 'origin_country': ''}, {'id': 5264, 'logo_path': None, 'name': 'American Entertainment Partners L.P.', 'origin_country': ''}, {'id': 124763, 'logo_path': None, 'name': 'Estudios Churubusco Azteca S.A.', 'origin_country': ''}]","[{'iso_3166_1': 'US', 'name': 'United States of America'}]",1987-06-12,98267558.0,107.0,"[{'english_name': 'English', 'iso_639_1': 'en', 'name': 'English'}, {'english_name': 'Spanish', 'iso_639_1': 'es', 'name': 'Español'}]",Released,7.491,6963.0
,,,Snatch,10000000.0,"[{'id': 80, 'name': 'Crime'}, {'id': 35, 'name': 'Comedy'}]",en,Snatch,28.6,"[{'id': 13419, 'logo_path': None, 'name': 'SKA Films', 'origin_country': 'GB'}, {'id': 5, 'logo_path': '/71BqEFAF4V3qjjMPCpLuyJFB9A.png', 'name': 'Columbia Pictures', 'origin_country': 'US'}]","[{'iso_3166_1': 'GB', 'name': 'United Kingdom'}, {'iso_3166_1': 'US', 'name': 'United States of America'}]",2000-09-01,83557872.0,103.0,"[{'english_name': 'English', 'iso_639_1': 'en', 'name': 'English'}, {'english_name': 'Russian', 'iso_639_1': 'ru', 'name': 'Pусский'}]",Released,7.803,8006.0
,,,Three Colors: Blue,0.0,"[{'id': 18, 'name': 'Drama'}]",fr,Trois couleurs : Bleu,12.822,"[{'id': 591, 'logo_path': '/q5I5RDwMEiqoNmfaJgd2LraEOJY.png', 'name': 'France 3 Cinéma', 'origin_country': 'FR'}, {'id': 1610, 'logo_path': None, 'name': 'CED Productions', 'origin_country': ''}, {'id': 14, 'logo_path': '/m6AHu84oZQxvq7n1rsvMNJIAsMu.png', 'name': 'Miramax', 'origin_country': 'US'}]","[{'iso_3166_1': 'FR', 'name': 'France'}, {'iso_3166_1': 'PL', 'name': 'Poland'}, {'iso_3166_1': 'CH', 'name': 'Switzerland'}]",1993-08-01,0.0,98.0,"[{'english_name': 'French', 'iso_639_1': 'fr', 'name': 'Français'}, {'english_name': 'Polish', 'iso_639_1': 'pl', 'name': 'Polski'}]",Released,7.7,1421.0
,,,Three Colors: White,0.0,"[{'id': 35, 'name': 'Comedy'}, {'id': 18, 'name': 'Drama'}, {'id': 9648, 'name': 'Mystery'}]",fr,Trois couleurs : Blanc,13.521,"[{'id': 183, 'logo_path': None, 'name': 'Le Studio Canal+', 'origin_country': 'FR'}, {'id': 591, 'logo_path': '/q5I5RDwMEiqoNmfaJgd2LraEOJY.png', 'name': 'France 3 Cinéma', 'origin_country': 'FR'}, {'id': 850, 'logo_path': '/aF7qajGJGtMpdrtvssM9g90YanX.png', 'name': 'Eurimages', 'origin_country': 'FR'}, {'id': 14, 'logo_path': '/m6AHu84oZQxvq7n1rsvMNJIAsMu.png', 'name': 'Miramax', 'origin_country': 'US'}]","[{'iso_3166_1': 'FR', 'name': 'France'}, {'iso_3166_1': 'PL', 'name': 'Poland'}]",1994-01-26,0.0,92.0,"[{'english_name': 'French', 'iso_639_1': 'fr', 'name': 'Français'}, {'english_name': 'Hungarian', 'iso_639_1': 'hu', 'name': 'Magyar'}, {'english_name': 'Polish', 'iso_639_1': 'pl', 'name': 'Polski'}]",Released,7.5,989.0
,,,Three Colors: Red,0.0,"[{'id': 18, 'name': 'Drama'}, {'id': 9648, 'name': 'Mystery'}, {'id': 10749, 'name': 'Romance'}]",fr,Trois couleurs : Rouge,14.89,"[{'id': 38, 'logo_path': '/qMi10Y3HnR7BQRqMC4ch7qZ6HN4.png', 'name': 'Zespół Filmowy TOR', 'origin_country': 'PL'}, {'id': 183, 'logo_path': None, 'name': 'Le Studio Canal+', 'origin_country': 'FR'}, {'id': 591, 'logo_path': '/q5I5RDwMEiqoNmfaJgd2LraEOJY.png', 'name': 'France 3 Cinéma', 'origin_country': 'FR'}, {'id': 1245, 'logo_path': '/suKdkPTtHn0DzGYmrXCA506dJON.png', 'name': 'TSR', 'origin_country': 'CH'}]","[{'iso_3166_1': 'FR', 'name': 'France'}, {'iso_3166_1': 'PL', 'name': 'Poland'}, {'iso_3166_1': 'CH', 'name': 'Switzerland'}]",1994-05-12,0.0,100.0,"[{'english_name': 'French', 'iso_639_1': 'fr', 'name': 'Français'}]",Released,8.0,1160.0
,,,Scarface,25000000.0,"[{'id': 28, 'name': 'Action'}, {'id': 80, 'name': 'Crime'}, {'id': 18, 'name': 'Drama'}]",en,Scarface,61.668,"[{'id': 33, 'logo_path': '/8lvHyhjr8oUKOOy2dKXoALWKdp0.png', 'name': 'Universal Pictures', 'origin_country': 'US'}]","[{'iso_3166_1': 'US', 'name': 'United States of America'}]",1983-12-09,66023329.0,169.0,"[{'english_name': 'English', 'iso_639_1': 'en', 'name': 'English'}, {'english_name': 'Spanish', 'iso_639_1': 'es', 'name': 'Español'}]",Released,8.165,10310.0
,,,Italian for Beginners,1000000.0,"[{'id': 35, 'name': 'Comedy'}, {'id': 18, 'name': 'Drama'}, {'id': 10749, 'name': 'Romance'}]",da,Italiensk for begyndere,9.747,"[{'id': 76, 'logo_path': '/nebkQYtQKhZyHJfh5v0oGpNbPzu.png', 'name': 'Zentropa Entertainments', 'origin_country': 'DK'}]","[{'iso_3166_1': 'DK', 'name': 'Denmark'}, {'iso_3166_1': 'SE', 'name': 'Sweden'}]",2000-12-07,16350876.0,95.0,"[{'english_name': 'Danish', 'iso_639_1': 'da', 'name': 'Dansk'}, {'english_name': 'Italian', 'iso_639_1': 'it', 'name': 'Italiano'}]",Released,6.438,104.0
,,,"Spring, Summer, Fall, Winter... and Spring",0.0,"[{'id': 18, 'name': 'Drama'}]",ko,봄 여름 가을 겨울 그리고 봄,16.702,"[{'id': 139, 'logo_path': None, 'name': 'LJ Film', 'origin_country': 'KR'}, {'id': 11554, 'logo_path': None, 'name': 'Korea Pictures', 'origin_country': 'KR'}, {'id': 685, 'logo_path': None, 'name': 'Cineclick Asia', 'origin_country': 'KR'}, {'id': 11555, 'logo_path': None, 'name': 'Cinesoul', 'origin_country': ''}, {'id': 11556, 'logo_path': None, 'name': 'Mirae Asset Capital', 'origin_country': ''}, {'id': 11557, 'logo_path': None, 'name': 'Muhan Investment', 'origin_country': ''}, {'id': 140, 'logo_path': '/ooz5b0ov3PLfBoOJyMmdoffVuHs.png', 'name': 'Pandora Film', 'origin_country': 'DE'}]","[{'iso_3166_1': 'KR', 'name': 'South Korea'}, {'iso_3166_1': 'DE', 'name': 'Germany'}]",2003-09-19,8945072.0,103.0,"[{'english_name': 'Korean', 'iso_639_1': 'ko', 'name': '한국어/조선말'}]",Released,7.847,916.0
,,,Pretty Woman,14000000.0,"[{'id': 35, 'name': 'Comedy'}, {'id': 10749, 'name': 'Romance'}]",en,Pretty Woman,33.22,"[{'id': 9195, 'logo_path': '/ou5BUbtulr6tIt699q6xJiEQTR9.png', 'name': 'Touchstone Pictures', 'origin_country': 'US'}, {'id': 10282, 'logo_path': None, 'name': 'Silver Screen Partners IV', 'origin_country': 'US'}]","[{'iso_3166_1': 'US', 'name': 'United States of America'}]",1990-03-23,463406268.0,119.0,"[{'english_name': 'English', 'iso_639_1': 'en', 'name': 'English'}]",Released,7.428,7027.0
,,,The Big Lebowski,15000000.0,"[{'id': 35, 'name': 'Comedy'}, {'id': 80, 'name': 'Crime'}]",en,The Big Lebowski,24.127,"[{'id': 37, 'logo_path': '/24D25UH5SyteudhPXW6Oy0Qfj1q.png', 'name': 'Gramercy Pictures', 'origin_country': 'US'}, {'id': 1382, 'logo_path': '/sOg7LGESPH5vCTOIdbMhLuypoLL.png', 'name': 'PolyGram Filmed Entertainment', 'origin_country': 'US'}, {'id': 10163, 'logo_path': '/16KWBMmfPX0aJzDExDrPxSLj0Pg.png', 'name': 'Working Title Films', 'origin_country': 'GB'}]","[{'iso_3166_1': 'GB', 'name': 'United Kingdom'}, {'iso_3166_1': 'US', 'name': 'United States of America'}]",1998-03-06,46969409.0,117.0,"[{'english_name': 'English', 'iso_639_1': 'en', 'name': 'English'}, {'english_name': 'Hebrew', 'iso_639_1': 'he', 'name': 'עִבְרִית'}, {'english_name': 'Spanish', 'iso_639_1': 'es', 'name': 'Español'}, {'english_name': 'German', 'iso_639_1': 'de', 'name': 'Deutsch'}]",Released,7.845,10073.0
,,,Match Point,15000000.0,"[{'id': 18, 'name': 'Drama'}, {'id': 53, 'name': 'Thriller'}, {'id': 80, 'name': 'Crime'}, {'id': 10749, 'name': 'Romance'}]",en,Match Point,16.514,"[{'id': 7, 'logo_path': '/vru2SssLX3FPhnKZGtYw00pVIS9.png', 'name': 'DreamWorks Pictures', 'origin_country': 'US'}, {'id': 288, 'logo_path': '/aW0IpM9d4Zjj978EqgDVSxXXhTj.png', 'name': 'BBC Film', 'origin_country': 'GB'}]","[{'iso_3166_1': 'FR', 'name': 'France'}, {'iso_3166_1': 'IE', 'name': 'Ireland'}, {'iso_3166_1': 'LU', 'name': 'Luxembourg'}, {'iso_3166_1': 'GB', 'name': 'United Kingdom'}, {'iso_3166_1': 'US', 'name': 'United States of America'}]",2005-10-26,85306374.0,124.0,"[{'english_name': 'English', 'iso_639_1': 'en', 'name': 'English'}]",Released,7.352,3671.0
,,,The Untouchables,25000000.0,"[{'id': 80, 'name': 'Crime'}, {'id': 18, 'name': 'Drama'}, {'id': 36, 'name': 'History'}, {'id': 53, 'name': 'Thriller'}]",en,The Untouchables,16.992,"[{'id': 4, 'logo_path': '/gz66EfNoYPqHTYI4q9UEN4CbHRc.png', 'name': 'Paramount', 'origin_country': 'US'}]","[{'iso_3166_1': 'US', 'name': 'United States of America'}]",1987-06-03,76270454.0,119.0,"[{'english_name': 'English', 'iso_639_1': 'en', 'name': 'English'}]",Released,7.768,5017.0
,,,Charlie and the Chocolate Factory,150000000.0,"[{'id': 12, 'name': 'Adventure'}, {'id': 35, 'name': 'Comedy'}, {'id': 10751, 'name': 'Family'}, {'id': 14, 'name': 'Fantasy'}]",en,Charlie and the Chocolate Factory,63.207,"[{'id': 80, 'logo_path': None, 'name': 'The Zanuck Company', 'origin_country': 'US'}, {'id': 55512, 'logo_path': None, 'name': 'Theobald Film Productions', 'origin_country': 'GB'}, {'id': 81, 'logo_path': '/8wOfUhA7vwU2gbPjQy7Vv3EiF0o.png', 'name': 'Plan B Entertainment', 'origin_country': 'US'}]","[{'iso_3166_1': 'GB', 'name': 'United Kingdom'}, {'iso_3166_1': 'US', 'name': 'United States of America'}]",2005-07-13,474968763.0,115.0,"[{'english_name': 'English', 'iso_639_1': 'en', 'name': 'English'}]",Released,7.038,13585.0
,,,The Lord of the Rings: The Fellowship of the Ring,93000000.0,"[{'id': 12, 'name': 'Adventure'}, {'id': 14, 'name': 'Fantasy'}, {'id': 28, 'name': 'Action'}]",en,The Lord of the Rings: The Fellowship of the Ring,70.345,"[{'id': 12, 'logo_path': '/5ThIuO93vsk47oexKTSdfKEr7EC.png', 'name': 'New Line Cinema', 'origin_country': 'US'}, {'id': 11, 'logo_path': '/6FAuASQHybRkZUk08p9PzSs9ezM.png', 'name': 'WingNut Films', 'origin_country': 'NZ'}, {'id': 5237, 'logo_path': None, 'name': 'The Saul Zaentz Company', 'origin_country': 'US'}]","[{'iso_3166_1': 'NZ', 'name': 'New Zealand'}, {'iso_3166_1': 'US', 'name': 'United States of America'}]",2001-12-18,871368364.0,179.0,"[{'english_name': 'English', 'iso_639_1': 'en', 'name': 'English'}]",Released,8.4,22635.0
,,,The Lord of the Rings: The Two Towers,79000000.0,"[{'id': 12, 'name': 'Adventure'}, {'id': 14, 'name': 'Fantasy'}, {'id': 28, 'name': 'Action'}]",en,The Lord of the Rings: The Two Towers,59.148,"[{'id': 12, 'logo_path': '/5ThIuO93vsk47oexKTSdfKEr7EC.png', 'name': 'New Line Cinema', 'origin_country': 'US'}, {'id': 11, 'logo_path': '/6FAuASQHybRkZUk08p9PzSs9ezM.png', 'name': 'WingNut Films', 'origin_country': 'NZ'}, {'id': 5237, 'logo_path': None, 'name': 'The Saul Zaentz Company', 'origin_country': 'US'}]","[{'iso_3166_1': 'NZ', 'name': 'New Zealand'}, {'iso_3166_1': 'US', 'name': 'United States of America'}]",2002-12-18,926287400.0,179.0,"[{'english_name': 'English', 'iso_639_1': 'en', 'name': 'English'}]",Released,8.378,19677.0
,,,The Lord of the Rings: The Return of the King,94000000.0,"[{'id': 12, 'name': 'Adventure'}, {'id': 14, 'name': 'Fantasy'}, {'id': 28, 'name': 'Action'}]",en,The Lord of the Rings: The Return of the King,60.837,"[{'id': 12, 'logo_path': '/5ThIuO93vsk47oexKTSdfKEr7EC.png', 'name': 'New Line Cinema', 'origin_country': 'US'}, {'id': 11, 'logo_path': '/6FAuASQHybRkZUk08p9PzSs9ezM.png', 'name': 'WingNut Films', 'origin_country': 'NZ'}, {'id': 5237, 'logo_path': None, 'name': 'The Saul Zaentz Company', 'origin_country': 'US'}]","[{'iso_3166_1': 'NZ', 'name': 'New Zealand'}, {'iso_3166_1': 'US', 'name': 'United States of America'}]",2003-12-01,1118888979.0,201.0,"[{'english_name': 'English', 'iso_639_1': 'en', 'name': 'English'}]",Released,8.473,21546.0
,,,The Lord of the Rings,4000000.0,"[{'id': 12, 'name': 'Adventure'}, {'id': 16, 'name': 'Animation'}, {'id': 14, 'name': 'Fantasy'}]",en,The Lord of the Rings,20.309,"[{'id': 286, 'logo_path': None, 'name': 'Fantasy Films', 'origin_country': ''}, {'id': 4921, 'logo_path': None, 'name': 'Bakshi Productions', 'origin_country': ''}, {'id': 141322, 'logo_path': None, 'name': 'Saul Zaentz Film Productions', 'origin_country': ''}]","[{'iso_3166_1': 'ES', 'name': 'Spain'}, {'iso_3166_1': 'GB', 'name': 'United Kingdom'}, {'iso_3166_1': 'US', 'name': 'United States of America'}]",1978-11-15,30471420.0,132.0,"[{'english_name': 'English', 'iso_639_1': 'en', 'name': 'English'}]",Released,6.55,726.0
,,,No End,0.0,"[{'id': 18, 'name': 'Drama'}]",pl,Bez końca,4.313,"[{'id': 1587, 'logo_path': None, 'name': 'Film Polski', 'origin_country': 'PL'}, {'id': 73037, 'logo_path': None, 'name': 'Studio Filmowe Tor', 'origin_country': 'PL'}]","[{'iso_3166_1': 'PL', 'name': 'Poland'}]",1985-06-17,0.0,108.0,"[{'english_name': 'English', 'iso_639_1': 'en', 'name': 'English'}, {'english_name': 'Polish', 'iso_639_1': 'pl', 'name': 'Polski'}]",Released,7.3,68.0
,,,Railway Station,0.0,"[{'id': 99, 'name': 'Documentary'}]",pl,Dworzec,1.251,"[{'id': 2466, 'logo_path': None, 'name': 'WFD', 'origin_country': ''}]","[{'iso_3166_1': 'PL', 'name': 'Poland'}]",1980-01-01,0.0,13.0,"[{'english_name': 'Polish', 'iso_639_1': 'pl', 'name': 'Polski'}]",Released,5.9,18.0
,,,Short Working Day,0.0,"[{'id': 18, 'name': 'Drama'}, {'id': 10770, 'name': 'TV Movie'}]",pl,Krótki dzień pracy,0.6,"[{'id': 7984, 'logo_path': None, 'name': 'Zespól Filmowy ""Tor""', 'origin_country': ''}, {'id': 6480, 'logo_path': '/qJUUNzFYXNUDaisssBTV3Zdki9R.png', 'name': 'TVP', 'origin_country': 'PL'}]","[{'iso_3166_1': 'PL', 'name': 'Poland'}]",1981-01-01,0.0,73.0,"[{'english_name': 'Polish', 'iso_639_1': 'pl', 'name': 'Polski'}]",Released,7.167,6.0
,,,Blind Chance,0.0,"[{'id': 18, 'name': 'Drama'}]",pl,Przypadek,7.057,"[{'id': 1587, 'logo_path': None, 'name': 'Film Polski', 'origin_country': 'PL'}]","[{'iso_3166_1': 'PL', 'name': 'Poland'}]",1987-01-10,0.0,123.0,"[{'english_name': 'Polish', 'iso_639_1': 'pl', 'name': 'Polski'}]",Released,7.538,158.0
,,,Princess Mononoke,26500000.0,"[{'id': 12, 'name': 'Adventure'}, {'id': 14, 'name': 'Fantasy'}, {'id': 16, 'name': 'Animation'}]",ja,もののけ姫,35.497,"[{'id': 10342, 'logo_path': '/eS79pslnoKbWg7t3PMA9ayl0bGs.png', 'name': 'Studio Ghibli', 'origin_country': 'JP'}, {'id': 12516, 'logo_path': None, 'name': 'Nibariki', 'origin_country': 'JP'}, {'id': 2752, 'logo_path': '/qEGEoCAV9FWAuohymR5I0vjJMgM.png', 'name': 'dentsu Music And Entertainment', 'origin_country': 'JP'}, {'id': 67681, 'logo_path': None, 'name': 'TNDG', 'origin_country': ''}, {'id': 1779, 'logo_path': '/41nGzTdCnORYZIZzaGZtfsBwQCl.png', 'name': 'Tokuma Shoten', 'origin_country': 'JP'}, {'id': 6755, 'logo_path': '/c0ENH8QeZLvCACpzCpwvYMy2SDr.png', 'name': 'Nippon Television Network Corporation', 'origin_country': 'JP'}, {'id': 1778, 'logo_path': '/b5rT6VbYza3LyfltCmz1OcqzWJM.png', 'name': 'dentsu', 'origin_country': 'JP'}]","[{'iso_3166_1': 'JP', 'name': 'Japan'}]",1997-07-12,159414369.0,134.0,"[{'english_name': 'Japanese', 'iso_639_1': 'ja', 'name': '日本語'}]",Released,8.341,6941.0
,,,Spirited Away,19000000.0,"[{'id': 16, 'name': 'Animation'}, {'id': 10751, 'name': 'Family'}, {'id': 14, 'name': 'Fantasy'}]",ja,千と千尋の神隠し,70.868,"[{'id': 10342, 'logo_path': '/eS79pslnoKbWg7t3PMA9ayl0bGs.png', 'name': 'Studio Ghibli', 'origin_country': 'JP'}]","[{'iso_3166_1': 'JP', 'name': 'Japan'}]",2001-07-20,274925095.0,125.0,"[{'english_name': 'Japanese', 'iso_639_1': 'ja', 'name': '日本語'}]",Released,8.54,14253.0
,,,Gimme Shelter,0.0,"[{'id': 99, 'name': 'Documentary'}, {'id': 10402, 'name': 'Music'}]",en,Gimme Shelter,6.528,"[{'id': 14563, 'logo_path': None, 'name': 'Maysles Films', 'origin_country': 'US'}]","[{'iso_3166_1': 'US', 'name': 'United States of America'}]",1970-12-13,252570.0,92.0,"[{'english_name': 'English', 'iso_639_1': 'en', 'name': 'English'}]",Released,7.392,144.0
